{
  "type": "minecraft:block",
  "pools": [
    {
      "rolls": 1.0,
      "entries": [
        {
          "type": "minecraft:alternatives",
          "children": [
            {
              "type": "minecraft:item",
              "conditions": [
                {
                  "condition": "minecraft:block_state_property",
                  "block": "minecraft:cocoa",
                  "properties": {
                    "age": "2"
                  }
                }
              ],
              "functions":[
                     {
                        "function":"minecraft:set_nbt",
                        "tag":"{CustomModelData:130002,display:{Name:\"{\\\"text\\\":\\\"Cocoa Fruit\\\",\\\"italic\\\":\\\"false\\\"}\",Lore:[\"{\\\"text\\\":\\\"Can be used as:\\\",\\\"italic\\\":\\\"false\\\",\\\"color\\\":\\\"dark_gray\\\"}\",\"{\\\"text\\\":\\\"Brown Dye\\\",\\\"italic\\\":\\\"false\\\",\\\"color\\\":\\\"dark_gray\\\"}\"]}}"
                     }
                  ],
              "name": "minecraft:brown_dye"
            },
            {
              "type": "minecraft:item",
              "name": "minecraft:cocoa_beans"
            }
          ]
        }
      ]
    }
  ],
  "functions": [
    {
      "function": "minecraft:explosion_decay"
    }
  ]
}