{
  "pools": [
    {
      "rolls": 2,
      "entries": [
        {
          "type": "minecraft:item",
          "weight": 4,
          "quality": 1,
          "name": "minecraft:pink_dye",
          "functions": [
          {
            "function":"set_count",
            "count":1
          },
          {
            "function":"set_nbt",
            "tag":"{rptSeed:1b,plantType:1b,CustomModelData:120001,display:{Name:\"{\\\"text\\\":\\\"Gossypium Seeds\\\",\\\"italic\\\":\\\"false\\\"}\",Lore:[\"{\\\"text\\\":\\\"Can be used as:\\\",\\\"italic\\\":\\\"false\\\",\\\"color\\\":\\\"dark_gray\\\"}\",\"{\\\"text\\\":\\\"Pink Dye\\\",\\\"italic\\\":\\\"false\\\",\\\"color\\\":\\\"dark_gray\\\"}\"]}}"
          } 
          ]
        },
        {
          "type": "minecraft:item",
          "weight": 8,
          "quality": 1,
          "name": "minecraft:string",
          "functions": [
          {
            "function":"set_count",
            "count":1
          },
          {
            "function":"set_nbt",
            "tag":"{CustomModelData:121001,display:{Name:\"{\\\"text\\\":\\\"Cotton\\\",\\\"italic\\\":\\\"false\\\"}\",Lore:[\"{\\\"text\\\":\\\"Can be used as:\\\",\\\"italic\\\":\\\"false\\\",\\\"color\\\":\\\"dark_gray\\\"}\",\"{\\\"text\\\":\\\"String\\\",\\\"italic\\\":\\\"false\\\",\\\"color\\\":\\\"dark_gray\\\"}\"]}}"
          }
          ]
        },
        {
          "type": "minecraft:item",
          "weight": 8,
          "quality": 1,
          "name": "minecraft:string",
          "functions": [
          {
            "function":"set_count",
            "count": {"min":1,"max":2}
          },
          {
            "function":"set_nbt",
            "tag":"{CustomModelData:121001,display:{Name:\"{\\\"text\\\":\\\"Cotton\\\",\\\"italic\\\":\\\"false\\\"}\",Lore:[\"{\\\"text\\\":\\\"Can be used as:\\\",\\\"italic\\\":\\\"false\\\",\\\"color\\\":\\\"dark_gray\\\"}\",\"{\\\"text\\\":\\\"String\\\",\\\"italic\\\":\\\"false\\\",\\\"color\\\":\\\"dark_gray\\\"}\"]}}"
          }
          ]
        }
      ]
    }
  ]
}